0,みんなで遊園地！,0,4,0,13427,10382,8558,0.4,0.4,0,8,
1,はじまりの音,0,4,2,11266,11979,10082,0.4,0.4,0,8,
2,おそろいのシュシュ,3,4,2,14050,8038,10042,0.4,0.4,0,8,
3,しあわせの共有,1,4,3,8098,14113,9982,0.4,0.4,0,8,
4,パジャマでお邪魔,1,4,0,11920,11327,10142,0.4,0.4,0,8,
5,可愛いともだち,4,4,1,10926,9421,12605,0.4,0.4,0,8,
6,満開の桜の下で,4,4,2,10496,11831,11415,0.4,0.4,0,8,
7,チョココロネな時間,2,4,0,8098,10103,13990,1,1,0,7,
8,可憐な子猫ちゃん,2,4,2,10496,11533,11710,0.4,0.4,0,8,
9,ここにいる証,5,4,2,9722,11071,12457,1,1,0,7,
10,受け止めたい思い,6,4,1,11770,10438,11475,0.4,0.4,0,8,
11,パジャマ姿の患者さん,8,4,0,12662,10863,9362,0.6,0.6,0,7.5,
12,憧れの先,10,4,0,12940,9107,10596,1,1,0,7,
13,大切な短冊,11,4,3,9722,12574,10951,0.4,0.4,0,8,
14,心許せる仲間,12,4,2,8922,13336,10474,1,1,0,7,
15,鳥籠の歌姫,15,4,1,14050,8038,10042,1,1,0,7,
16,二人で過ごす七夕,16,4,3,10321,13486,8489,1,1,0,7,
17,慣れない電話,19,4,1,11000,10467,12193,0.4,0.4,0,8,
18,巴だけの看護師さん,18,4,0,12036,10199,11415,0.4,0.4,0,8,
19,眩しい日射し,17,4,1,8677,11022,12940,1,1,0,7,
20,船上の名探偵,20,4,3,11383,10199,11860,1,1,0,7,
21,うさぎハント,23,4,3,11000,11889,10765,0.4,0.4,0,8,
22,みんなでお花見,0,3,1,7849,9345,11681,0.6,0.6,0,7,
23,約束のキャンディ,0,3,3,8656,12621,6729,0.6,0.6,0,7,
24,みんなのうた,1,3,2,12566,8712,6783,0.6,0.6,0,7,
25,うさぎ大作戦,1,3,1,8349,10150,10763,0.2,0.2,0,8,
26,振り絞った勇気,2,3,1,9257,10193,10340,0.6,0.6,0,7,
27,憧れのお姉ちゃん,2,3,3,12429,7061,8849,0.2,0.2,0,8,
28,大切な時間,3,3,0,9257,10445,10074,0.2,0.2,0,8,
29,がんばれパン,3,3,0,7849,11790,9236,0.2,0.2,0,8,
30,1日だけの新婦,3,3,1,9235,8859,11163,0.2,0.2,0,8,
31,頼れる協力者,4,3,3,9529,11244,8188,0.2,0.2,0,8,
32,不思議の国のアリサ,4,3,3,7634,9722,11438,0.6,0.6,0,7,
33,夕影の思い出,5,3,2,6895,9293,12125,0.2,0.2,0,8,
34,断ち切った迷い,5,3,0,10393,9202,10128,0.6,0.6,0,7,
35,幼馴染の意義,6,3,3,8766,6838,12513,0.2,0.2,0,8,
36,フシギなお守り,7,3,2,11874,9152,7523,0.6,0.6,0,7,
37,3人で水遊び,7,3,1,11033,8509,9718,0.3,0.3,0,7.5,
38,素直じゃないヤツ,8,3,1,7113,12484,8791,0.2,0.2,0,8,
39,結婚式の乱入者,8,3,2,8093,11491,9209,0.6,0.6,0,7,
40,バンド、やろう！,9,3,1,10358,10089,8805,0.6,0.6,0,7,
41,はじまりはいつも,9,3,0,10527,9997,8939,0.2,0.2,0,8,
42,必殺アイドルポーズ☆,10,3,2,10527,9997,8939,0.2,0.2,0,8,
43,七夕の店員さん,10,3,0,10249,10025,9413,0.2,0.2,0,8,
44,未知数の存在,11,3,0,8564,9769,11005,0.2,0.2,0,8,
45,幾光年の光,11,3,1,11736,7794,9292,0.6,0.6,0,7,
46,目指す道のり,12,3,1,12566,8712,6783,0.2,0.2,0,8,
47,真っ白な居場所,12,3,0,9074,10685,9945,0.2,0.2,0,8,
48,素顔の姿,13,3,2,9945,10577,8884,0.6,0.6,0,7,
49,感動の涙,13,3,0,8244,8078,11988,0.3,0.3,0,7.5,
50,武士の相身互い,14,3,3,9100,11924,7470,0.2,0.2,0,8,
51,モデル・モード,14,3,1,8778,11272,9205,0.2,0.2,0,8,
52,気持ちを込めた花束,14,3,2,9705,10498,9494,0.3,0.3,0,7.5,
53,歌姫の覚悟,15,3,3,11192,9581,8242,0.6,0.6,0,7,
54,4人でカフェテリア,15,3,1,10629,8990,10074,0.2,0.2,0,8,
55,双子の苦悩,16,3,1,9100,11924,7470,0.6,0.6,0,7,
56,努力の跡,17,3,2,9529,11244,8188,0.2,0.2,0,8,
57,必要不可欠な存在,17,3,3,7582,11906,8821,0.6,0.6,0,7,
58,ちいさな魔王,18,3,0,10393,9202,10128,0.6,0.6,0,7,
59,ひたむきな向上心,18,3,1,7113,8901,12375,0.2,0.2,0,8,
60,わたし、どうしたら…,19,3,1,9636,8291,11138,0.2,0.2,0,8,
61,純粋な熱意,19,3,2,9257,10445,10074,0.6,0.6,0,7,
62,選んでもらった水着,19,3,3,11030,9672,8093,0.2,0.2,0,8,
63,無敵のヒーロー,20,3,0,10048,8990,10472,0.6,0.6,0,7,
64,お花見スペシャール！,20,3,2,11056,8509,9718,0.6,0.6,0,7,
65,世界を彩る役者,21,3,1,8766,6838,12513,0.6,0.6,0,7,
66,怪盗ハロハッピー,21,3,3,8564,11111,9663,0.2,0.2,0,8,
67,みんなでせーの！,22,3,3,7113,12484,8791,0.2,0.2,0,8,
68,元気のみなもと,22,3,2,8829,11464,8502,0.2,0.2,0,8,
69,踏み出した一歩,23,3,2,9636,8291,11138,0.2,0.2,0,8,
70,ミッシェルのヒミツ,24,3,3,10048,8990,10472,0.6,0.6,0,7,
71,愛の告白,24,3,0,9209,7579,11819,0.2,0.2,0,8,
72,ステージ,0,2,0,6398,4215,5043,0.3,0.3,0,7,
73,最初のお客さん,0,2,2,3696,5019,6583,0.1,0.1,0,8,
74,ステージ,1,2,3,5074,5741,5533,0.1,0.1,0,8,
75,ステージ,2,2,2,6127,5229,4485,0.1,0.1,0,8,
76,ステージ,3,2,3,3819,6780,4747,0.1,0.1,0,8,
77,優しい差し入れ,3,2,0,4782,6172,5023,0.3,0.3,0,7,
78,ステージ,4,2,1,5261,4514,6098,0.1,0.1,0,8,
79,5人でお泊り,4,2,0,6474,4968,4064,0.1,0.1,0,8,
80,ステージ,5,2,0,5711,5046,5563,0.1,0.1,0,8,
81,ステージ,6,2,2,6751,3788,4776,0.1,0.1,0,8,
82,懐かしい音源,7,2,1,4543,5545,5888,0.3,0.3,0,7,
83,ステージ,7,2,3,6751,3788,4776,0.1,0.1,0,8,
84,長年の幼馴染,8,2,3,4124,5284,6233,0.1,0.1,0,8,
85,ステージ,8,2,1,4665,5335,6023,0.1,0.1,0,8,
86,ステージ,9,2,0,5711,5046,5563,0.1,0.1,0,8,
87,流星群,9,2,2,4787,6248,4606,0.1,0.1,0,8,
88,あたたかい気持ち,9,2,1,6322,5013,4304,0.1,0.1,0,8,
89,ステージ,10,2,2,5202,6155,4454,0.3,0.3,0,7,
90,全力応援,10,2,0,4953,6338,4351,0.1,0.1,0,8,
91,1日店長,10,2,1,6037,4631,5306,0.1,0.1,0,8,
92,ステージ,11,2,3,5074,5593,5681,0.1,0.1,0,8,
93,大切なきっかけ,11,2,0,6006,5254,4381,0.3,0.3,0,7,
94,表舞台の裏側,11,2,2,4456,4893,6293,0.3,0.3,0,7,
95,ステージ,12,2,0,5785,5489,4897,0.1,0.1,0,8,
96,ハートの女王様,12,2,2,4443,4353,6507,0.3,0.3,0,7,
97,ステージ,13,2,1,3819,6780,4747,0.1,0.1,0,8,
98,ドラムとの出会い,13,2,3,4955,5800,5547,0.1,0.1,0,8,
99,ステージ,14,2,1,5074,5741,5533,0.1,0.1,0,8,
100,憧れのお花見,14,2,2,4999,4094,6443,0.1,0.1,0,8,
101,ブシドーの精神,14,2,3,5664,5517,4799,0.1,0.1,0,8,
102,ステージ,15,2,0,4245,5074,6369,0.1,0.1,0,8,
103,ステージ,16,2,2,3819,4807,6720,0.1,0.1,0,8,
104,重ねていたい音,16,2,3,4245,6428,5013,0.1,0.1,0,8,
105,夏のソフトクリーム,16,2,0,4743,4590,6308,0.1,0.1,0,8,
106,ステージ,17,2,1,4245,5074,6369,0.1,0.1,0,8,
107,見守る想い,17,2,1,4938,6505,4034,0.3,0.3,0,7,
108,二人を繋いで,17,2,3,5281,5384,5634,0.3,0.3,0,7,
109,ステージ,18,2,1,4665,6076,5276,0.3,0.3,0,7,
110,結婚式に参列！,18,2,3,5037,4828,6116,0.1,0.1,0,8,
111,みんなでリフレッシュ,18,2,1,5326,5059,5920,0.1,0.1,0,8,
112,浮き輪と海,18,2,2,4953,4365,6322,0.1,0.1,0,8,
113,ステージ,19,2,3,4245,6428,5013,0.1,0.1,0,8,
114,ステージ,20,2,2,6056,4631,5306,0.1,0.1,0,8,
115,ステージ,21,2,1,4665,5335,6023,0.1,0.1,0,8,
116,姫を守る王子,21,2,2,4381,6264,4999,0.1,0.1,0,8,
117,ステージ,22,2,3,4670,6856,3607,0.3,0.3,0,7,
118,かわいい探偵さん,22,2,2,6826,4699,3638,0.1,0.1,0,8,
119,ステージ,23,2,0,5518,4928,5755,0.1,0.1,0,8,
120,囚われのお姫様,23,2,3,4731,3668,6796,0.3,0.3,0,7,
121,星の織姫,23,2,1,5978,5261,4738,0.1,0.1,0,8,
122,ステージ,24,2,3,6056,4631,5306,0.1,0.1,0,8,
123,桜ミッシェル,24,2,0,5458,5815,4865,0.1,0.1,0,8,
124,猪突猛進っ！,0,1,2,1985,2478,3436,0.1,0.1,0,7,
125,天然ビューティー,1,1,1,2673,3153,2303,0.1,0.1,0,7,
126,チョコだいすき,2,1,0,3487,2425,1893,0.1,0.1,0,7,
127,みんなのお姉ちゃん,3,1,0,2198,3291,2582,0.1,0.1,0,7,
128,猫かぶりの優等生,4,1,3,2929,2598,2855,0.1,0.1,0,7,
129,クールな友達想い,5,1,2,3450,1970,2463,0.1,0.1,0,7,
130,マイペース,6,1,1,2574,2125,3299,0.1,0.1,0,7,
131,みんなのリーダー！,7,1,3,2710,2332,3125,0.1,0.1,0,7,
132,頼れる姉御肌,8,1,0,2612,2871,2916,0.1,0.1,0,7,
133,みんなの支え,9,1,2,2673,3153,2303,0.1,0.1,0,7,
134,ピンク担当☆,10,1,0,2544,3330,2097,0.1,0.1,0,7,
135,天才少女,11,1,1,2441,1909,3473,0.1,0.1,0,7,
136,鉄壁の微笑,12,1,3,2410,3503,1879,0.1,0.1,0,7,
137,オタクなドラマー,13,1,2,1985,2478,3436,0.1,0.1,0,7,
138,ブシドー！,14,1,2,2574,2125,3299,0.1,0.1,0,7,
139,孤高の歌姫,15,1,1,3305,2560,2103,0.1,0.1,0,7,
140,生真面目な努力家,16,1,1,1985,3464,2448,0.1,0.1,0,7,
141,ムードメーカー☆,17,1,3,2835,2538,2953,0.1,0.1,0,7,
142,カッコイイ！ドラマー,18,1,0,2835,2538,2953,0.1,0.1,0,7,
143,人混みはニガテ,19,1,2,3140,2690,2320,0.1,0.1,0,7,
144,花咲川の異空間,20,1,3,2968,2819,2524,0.1,0.1,0,7,
145,噂の王子様,21,1,3,2805,2982,2508,0.1,0.1,0,7,
146,スマイルキャプテン,22,1,0,3305,2560,2103,0.1,0.1,0,7,
147,おっとり少女,23,1,2,3140,2690,2320,0.1,0.1,0,7,
148,なにごともほどほど,24,1,1,2544,3330,2097,0.1,0.1,0,7,
149,夕暮れ、おめかし準備,3,4,3,12484,10963,9196,1,1,0,7,
150,手を繋げば,1,3,3,8232,9017,11544,0.3,0.3,0,7.5,
151,ソフトコロネ♪,2,2,3,6233,4335,5074,0.3,0.3,0,7,
152,秘密の場所,4,3,0,11491,8204,9100,0.2,0.2,0,8,
153,宣誓！花火大会！,0,2,3,6355,4989,3957,0.3,0.3,0,7,
154,ガルパカフェ♪2017,0,2,0,5227,6278,4405,0.1,0.1,0,8,
155,ガルパカフェ♪2017,5,2,1,6930,3675,4758,0.3,0.3,0,7,
156,ガルパカフェ♪2017,10,2,2,4635,6194,5309,0.1,0.1,0,8,
157,ガルパカフェ♪2017,15,2,3,6492,4992,3858,0.3,0.3,0,7,
158,ガルパカフェ♪2017,20,2,3,4766,6296,5030,0.1,0.1,0,8,
159,忘れ物おばけ,7,4,0,10321,13486,8489,1,1,0,7,
160,学園七不思議,6,3,0,9209,7579,11819,0.3,0.3,0,7.5,
161,階段の怪談,8,2,0,4671,6070,5229,0.3,0.3,0,7,
162,怖さはんぶんこ,5,3,1,10358,10089,8805,0.3,0.3,0,7.5,
163,勇者つぐ,9,2,3,5634,5504,5161,0.1,0.1,0,8,
164,昔の呼び名,21,4,2,13122,10474,9042,1,1,0,7,
165,生徒会のお仕事,9,3,2,8726,11081,9890,0.3,0.3,0,7.5,
166,二人のサポート,13,2,2,5186,6023,4768,0.3,0.3,0,7,
167,ジュリエットという名,12,3,2,10843,8912,9503,0.2,0.2,0,8,
168,ロマンチック,17,2,2,5413,5711,5177,0.1,0.1,0,8,
169,ローソンコラボ2017,0,2,1,4709,3539,6982,0.3,0.3,0,7,
170,ローソンコラボ2017,5,2,3,5511,5901,4858,0.1,0.1,0,8,
171,ローソンコラボ2017,10,2,1,7014,4674,3507,0.3,0.3,0,7,
172,ローソンコラボ2017,15,2,2,5209,6129,4747,0.1,0.1,0,8,
173,ローソンコラボ2017,20,2,0,3572,5026,6745,0.3,0.3,0,7,
174,あたしの大事なもの,24,4,1,9752,12544,10863,1,1,0,7,
175,お手伝いしたくて,23,3,1,10926,9636,8696,0.3,0.3,0,7.5,
176,メラメラ！,22,2,1,5171,4799,6006,0.1,0.1,0,8,
177,ハッピー革命！,20,3,3,9865,10393,9441,0.3,0.3,0,7.5,
178,これも儚さ,21,2,0,5844,4928,5533,0.1,0.1,0,8,
179,本気・サバイバー,13,4,3,9481,11492,12180,0.6,0.6,0,7.5,
180,本気・パニック,12,3,3,8939,9422,10897,0.6,0.6,0,7,
181,本気・待機……,10,2,3,4472,6279,4893,0.3,0.3,0,7,
182,本気・ゆらゆら！,11,3,2,8593,11084,9581,0.3,0.3,0,7.5,
183,本気・心頭滅却,14,2,0,6432,4033,4837,0.3,0.3,0,7,
184,見習い魔女,20,4,0,10258,11949,11443,1,1,0,7,
185,魔法使いミッシェル,24,3,0,9503,11005,8750,0.6,0.6,0,7,
186,シャイな天使,2,2,0,5607,5267,5429,0.1,0.1,0,8,
187,セクシーヴァンパイア,7,3,0,8259,11520,9017,0.3,0.3,0,7.5,
188,初めての猫耳,15,2,1,5384,5222,5696,0.1,0.1,0,8,
189,バーーーン！と登場,20,2,2,5001,4009,6595,0.3,0.3,0,7,
190,バーーーン！と登場,21,2,3,4635,5372,6129,0.1,0.1,0,8,
191,バーーーン！と登場,22,2,0,5087,5820,5590,0.1,0.1,0,8,
192,バーーーン！と登場,23,2,2,4938,6659,3343,0.3,0.3,0,7,
193,バーーーン！と登場,24,2,1,6163,4602,5341,0.1,0.1,0,8,
194,秋晴れ、その先に,15,4,2,11582,12632,10172,0.6,0.6,0,7.5,
195,雨声と涙,16,3,2,8778,10063,11244,0.3,0.3,0,7.5,
196,微かな心配,19,2,2,6428,4396,5284,0.3,0.3,0,7,
197,永遠の憧れ！,18,3,2,11244,10010,8830,0.2,0.2,0,8,
198,欠かせない存在,17,2,0,4873,5137,5964,0.1,0.1,0,8,
199,真剣勝負の笑顔,22,4,1,10621,12366,11403,0.6,0.6,0,7.5,
200,パン食い競争！,1,3,1,11005,9235,10130,0.3,0.3,0,7.5,
201,スポーツマンシップ,4,2,1,5225,4396,6488,0.3,0.3,0,7,
202,オーエス？オーエス！,10,3,3,9617,8121,11899,0.2,0.2,0,8,
203,白組応援団？,24,2,2,4841,6142,5455,0.1,0.1,0,8,
204,お菓子の先生,9,4,3,12726,10084,11285,1,1,0,7,
205,だいたい分量通り,11,3,3,9126,10089,11138,0.3,0.3,0,7.5,
206,パステルメイド,14,2,3,4904,5948,5126,0.3,0.3,0,7,
207,クッキーづくり,16,3,0,7390,12375,9400,0.6,0.6,0,7,
208,ブルーローズメイド,19,2,0,6155,5470,4813,0.1,0.1,0,8,
209,最高のおもてなし,14,4,0,11161,10203,12726,1,1,0,7,
210,みんなで折り紙,0,3,0,8886,11220,9984,0.65,0.65,0,7,ライフ900未満では0.55
211,自分らしい良さ,7,2,0,4411,6428,5270,0.3,0.3,0,7,
212,変身の術？,23,3,0,11790,8121,9722,0.2,0.2,0,8,
213,保護者がわり,4,2,2,5381,4904,6155,0.2,0.2,0,8,
214,本気でチャレンジ,17,4,2,10084,12695,11312,1.1,1.1,0,7,ライフ900未満では0.9
215,最高のワークフレンド,6,3,2,9850,8992,11244,0.65,0.65,0,7,ライフ900未満では0.55
216,ポッピン&ハッピー,5,2,2,5254,6459,4396,0.1,0.1,0,8,
217,リサらしい歌詞,15,3,2,9672,11848,8121,0.2,0.2,0,8,
218,ポッピン&アフター,20,2,1,6155,4841,5440,0.1,0.1,0,8,
219,メリー・サプライズ！,3,4,1,11256,12632,10103,1.1,1.1,0,7,ライフ900未満では0.9
220,みんなとクリスマス,4,3,1,11005,9235,10130,0.3,0.3,0,7.5,
221,突撃サンタ,0,2,1,6308,5435,4515,0.1,0.1,0,8,
222,パーティの準備,2,3,0,8147,11790,9698,0.3,0.3,0,7.5,
223,おひげのサンタ,1,2,1,3940,5097,6735,0.3,0.3,0,7,
224,等身大の夜空,5,4,3,10713,12061,11312,1.1,1.1,0,7,ライフ900未満では0.9
225,とっておきの場所,7,3,3,11033,10150,9178,0.3,0.3,0,7.5,
226,夜空を見上げて,9,2,3,6474,5299,4335,0.3,0.3,0,7,
227,言葉にできないもの,8,3,0,9705,10230,9759,0.2,0.2,0,8,
228,小さな成長？,6,2,3,5425,6116,4904,0.1,0.1,0,8,
229,決意の一歩,23,4,0,12726,11343,10020,1.1,1.1,0,7,ライフ900未満では0.9
230,可愛いモノづくし！,22,3,0,9931,11163,8992,0.6,0.6,0,7,
231,あたしもペンギン！,20,2,0,4686,6203,5374,0.1,0.1,0,8,
232,とても儚い生き物,21,3,2,9476,8805,10977,0.3,0.3,0,7.5,
233,ペンギン？ クマ？,24,2,1,3940,5097,6735,0.3,0.3,0,7,
234,初めてのお餅つき,14,4,2,12006,11371,10713,1.1,1.1,0,7,ライフ900未満では0.9
235,正月は楽しいことだらけ,20,4,2,12487,11492,10412,0.6,0.6,0,7.5,
236,かわいい晴れ着,19,3,2,9476,10038,10574,0.65,0.65,0,7,ライフ900未満では0.55
237,レポーターのお仕事,13,3,3,9374,7223,12566,0.6,0.6,0,7,
238,巫女の助勤,8,2,2,3973,6720,5081,0.3,0.3,0,7,
239,魅惑の手,16,4,0,11461,11312,11371,1.2,1.2,0,7,perfectのみ
240,私達のポスター,10,4,2,11371,11343,11433,1.2,1.2,0,7,perfectのみ
241,最高のステージに！,0,4,1,9961,11403,12726,1,1,0,7,
242,前だけを向こう,1,4,1,11161,10263,12662,1.1,1.1,0,7,ライフ900未満では0.9
243,緊張してきちゃった,2,3,1,10229,11163,8967,0.3,0.3,0,7.5,
244,たくさんの思い出の品,3,3,3,11603,8612,9428,0.2,0.2,0,8,
245,楽しむ演奏,4,2,3,6142,5381,4917,0.1,0.1,0,8,
246,深淵のネクロマンサー,18,4,3,10741,11371,11974,1.1,1.1,0,7,ライフ900未満では0.9
247,孤高のウィザード,19,4,3,11223,12426,10440,1,1,0,7,
248,新米タンク,16,3,3,11244,8886,9959,0.65,0.65,0,7,ライフ900未満では0.55
249,ビギナーヒーラー,17,3,1,9022,9878,11192,0.2,0.2,0,8,
250,初心者バード,15,2,3,6293,5074,4743,0.1,0.1,0,8,
251,ドキドキの瞬間,4,4,0,12695,11161,10233,1.1,1.1,0,7,ライフ900未満では0.9
252,お菓子作りはおまかせ,17,4,0,12457,10472,11461,0.6,0.6,0,7.5,
253,秘密の時間,15,3,0,10010,10977,9368,0.3,0.3,0,7.5,
254,楽しい試食会,9,3,3,9317,8829,11491,0.2,0.2,0,8,
255,食欲は無限大,6,2,1,5171,5485,5784,0.1,0.1,0,8,
256,果敢にチャレンジ,13,4,2,11193,12366,10533,1,1,0,7,
257,教えてあげる！,22,4,2,11285,10562,12243,1.1,1.1,0,7,ライフ900未満では0.9
258,冬仕様,24,3,2,9422,9984,10950,0.3,0.3,0,7.5,
259,ゲレンデサイコー！,11,3,0,9904,10977,9205,0.2,0.2,0,8,
260,スキーは得意,18,2,0,6322,4666,5121,0.1,0.1,0,8,
261,たった一人のあたし,11,4,1,12214,11223,10654,1.1,1.1,0,7,ライフ900未満では0.9
262,お泊まり会,12,4,1,12515,10741,11132,0.6,0.6,0,7.5,
263,丸山、入ります！,10,3,1,9878,10926,9287,0.65,0.65,0,7,ライフ900未満では0.55
264,流行りのヘアアレンジ,14,3,3,7330,9427,12404,0.6,0.6,0,7,
265,謙虚系アイドル,13,2,0,4365,5299,6443,0.1,0.1,0,8,
266,主役登場！,21,4,3,11161,10381,12544,1.1,1.1,0,7,ライフ900未満では0.9
267,汗のしずくも儚い,24,4,3,12366,10772,11256,0.6,0.6,0,7.5,
268,ダンスレッスン,7,3,3,10602,10038,9448,0.65,0.65,0,7,ライフ900未満では0.55
269,王子様に癒されて,22,3,0,9448,10655,9984,0.2,0.2,0,8,
270,儚く行くぜ！,8,2,1,4697,5105,6308,0.1,0.1,0,8,
271,期待を超えるために,6,4,3,11312,11433,11403,1.2,1.2,0,7,perfectのみ
272,買い物も一生懸命,23,4,1,11312,11343,11492,1.2,1.2,0,7,perfectのみ
273,変わらない友情,5,4,0,12426,11371,10592,0.6,0.6,0,7.5,
274,さらなる高みへ,15,4,0,11193,10772,12125,1.1,1.1,0,7,ライフ900未満では0.9
275,みんなとのライブ,0,3,0,10089,10871,9396,0.3,0.3,0,7.5,
276,みんな、行くわよー！,20,3,1,10714,9448,9931,0.2,0.2,0,8,
277,目指す理想のアイドル,10,3,0,7417,12285,9455,0.6,0.6,0,7,
278,私達・参上っ！,7,4,3,12395,10741,11256,0.6,0.6,0,7.5,
279,永遠の夕日,8,4,3,10233,11193,12662,1.1,1.1,0,7,ライフ900未満では0.9
280,たこのタオル,5,3,3,10977,10038,9340,0.3,0.3,0,7.5,
281,ちょっと寄り道,6,3,0,9345,8798,11491,0.2,0.2,0,8,
282,大事な忘れ物,9,2,0,5081,6810,3881,0.3,0.3,0,8,
283,仮入部員,19,4,2,12125,10713,11256,1.1,1.1,0,7,ライフ900未満では0.9
284,正射必中,16,4,2,10348,11433,12605,0.6,0.6,0,7.5,
285,不屈の剣士,14,3,2,11056,9476,9824,0.3,0.3,0,7.5,
286,堅実プレーヤー,24,3,1,8067,9751,11819,0.2,0.2,0,8,
287,見事なお点前,23,2,0,5124,6568,4078,0.3,0.3,0,7,
288,私のブシドー！,14,4,1,10684,12335,11371,0.6,0.6,0,7.5,
289,お宝発見！,13,4,1,12152,10713,11223,1.1,1.1,0,7,ライフ900未満では0.9
290,グッズ紹介,11,3,1,9850,9048,11192,0.65,0.65,0,7,ライフ900未満では0.55
291,SNS映え?,10,3,2,9555,9850,10682,0.2,0.2,0,8,
292,アイドルのルール,12,2,1,6279,5043,4787,0.1,0.1,0,8,
293,マリー・アンドロメダ,22,4,0,10802,12214,11371,0.6,0.6,0,7.5,
294,ミッシェルからの伝言,24,4,0,12457,10951,10684,1.1,1.1,0,7,ライフ900未満では0.9
295,応援の舞,21,2,0,5440,5978,5171,0.1,0.1,0,8,
296,巻き込まれ舞踏会,23,3,3,9476,9663,10950,0.2,0.2,0,8,
297,ふわキャラ大好き！,20,2,1,6701,3940,5124,0.3,0.3,0,7,
298,星空を見上げて,0,4,3,10802,12061,11223,1.1,1.1,0,7,ライフ900未満では0.9
299,やる気の問題？,2,4,3,12125,10654,11285,1,1,0,7,
300,沙綾の告白,3,3,3,11220,9850,9022,0.65,0.65,0,7,ライフ900未満では0.55
301,昼下がりのハンバーグ,1,3,0,9373,8746,11520,0.2,0.2,0,8,
302,思いを込めたノート,4,3,2,9798,10843,9448,0.2,0.2,0,8,
303,GOGO WEGO！,3,2,1,4831,6263,5505,0.1,0.1,0,8,
304,GOGO WEGO！,6,2,2,6543,4140,5052,0.3,0.3,0,7,
305,GOGO WEGO！,11,2,3,5249,4340,6645,0.1,0.1,0,8,
306,GOGO WEGO！,17,2,0,4766,5554,6278,0.1,0.1,0,8,
307,GOGO WEGO！,24,2,0,6627,5334,4273,0.1,0.1,0,8,
308,強制連行,1,4,2,11734,10983,11433,1.2,1.2,0,7,perfectのみ
309,ファン第１号,18,4,1,11193,11550,11403,1.2,1.2,0,7,perfectのみ
310,トキメキ展開！？,9,4,2,11343,12426,10621,0.6,0.6,0,7.5,
311,謎の美少女,6,4,2,11223,10772,12105,1,1,0,7,
312,おもしろいかも？,5,2,2,538,4932,6127,0.3,0.3,0,7,
313,守ってみせる！,8,3,3,10789,9904,9396,0.2,0.2,0,8,
314,止まらぬ空想,7,2,1,4426,6264,5429,0.1,0.1,0,8,
315,こぼれ落ちる涙,15,4,3,10832,11161,12105,1,1,0,7,
316,クッキーをもう１度,17,4,3,12457,11013,10621,1.1,1.1,0,7,ライフ900未満では0.9
317,みんなでティータイム,18,3,3,9368,10926,10063,0.3,0.3,0,7.5,
318,今度は私が,16,3,2,9959,9313,10815,0.2,0.2,0,8,
319,決意の叫び,19,3,0,11464,8475,9698,0.2,0.2,0,8,
320,和太鼓の魅力,8,4,1,11433,12303,10654,0.6,0.6,0,7.5,
321,雨でも晴ればれ,20,4,1,12125,10621,11343,1.1,1.1,0,7,ライフ900未満では0.9
322,雨とともに,16,3,1,10150,9048,11163,0.3,0.3,0,7.5,
323,気合い十分,0,3,2,11005,9663,9422,0.2,0.2,0,8,
324,あっち側とこっち側,24,2,3,4647,5148,6308,0.1,0.1,0,8,
325,星降る夜の出会い,11,4,0,10741,10951,12395,1,1,0,7,
326,儚い名演技,21,4,0,10832,12243,11312,0.6,0.6,0,7.5,
327,蘭のアイコンタクト,5,2,0,5904,5411,5126,0.3,0.3,0,7,
328,幽霊とか絶対ムリ！,17,3,0,9400,7169,12594,0.6,0.6,0,7,
329,心躍るビート,13,2,1,5858,5156,5425,0.1,0.1,0,8,
330,夢を与えるアイドル,10,4,3,11102,12273,10713,1.1,1.1,0,7,
331,夢に続く道,12,4,3,10713,10983,12395,1,1,0,7,
332,日菜の願い事,11,3,3,9529,10655,9904,0.2,0.2,0,8,
333,分かち合いたい！,14,3,0,11874,9751,8012,0.2,0.2,0,8,
334,アイドルとは,13,3,3,10926,9503,9931,0.3,0.3,0,7.5,
335,おもいでめぐり,0,4,1,11492,10263,12632,0.6,0.6,0,7.5,
336,ふたりのはじまり,22,4,1,12515,10889,10684,1,1,0,7,
337,思い出の短冊,4,3,1,9607,10575,9901,0.65,0.65,0,7,
338,パペットショー,3,3,2,9698,11848,8093,0.2,0.2,0,8,
339,笑顔の逢瀬,20,2,2,5440,5081,5917,0.1,0.1,0,8,
340,なんでこうなるかな,24,4,2,10684,11312,12395,0.6,0.6,0,7.5,
341,勇気を出して,23,4,2,11343,10772,11974,1,1,0,7,
342,わくわく大発見,20,3,2,11005,9718,9368,0.65,0.65,0,7,
343,私がついてる,21,3,0,9769,10815,9503,0.2,0.2,0,8,
344,大冒険！,22,2,3,6248,4590,5270,0.1,0.1,0,8,
345,スカーレット,5,4,1,12214,10684,11193,1,1,0,7,
346,キューティ,7,4,1,10771,10863,12457,1.1,1.1,0,7,
347,ハラペコ,6,3,1,10737,9448,9904,0.6,0.6,0,7,
348,バリスタ,9,3,3,9448,9690,10950,0.2,0.2,0,8,
349,フェスタ,8,3,0,8666,9398,11572,0.2,0.2,0,8,
350,有咲のブシドー！？,4,4,3,10654,10889,12544,1,1,0,7,
351,海辺のポージング,14,4,3,12487,10713,11193,0.6,0.6,0,7.5,
352,真夏のジャンプ,22,3,3,9769,10763,9555,0.65,0.65,0,7,
353,ご褒美のスイカ,1,3,2,11056,9609,9422,0.2,0.2,0,8,
354,お魚さんと競争！,20,2,0,5058,4787,6264,0.1,0.1,0,8,
355,心安らぐ場所,9,4,0,11285,11371,11492,1.2,1.2,0,7,
356,練習開始！,13,4,3,11582,11132,11433,1.2,1.2,0,7,
357,姉のプライド,8,4,2,9901,9090,15098,1,1,0,7,
358,追いかけていたい,18,4,2,8759,10412,15216,0.6,0.6,0,7.5,
359,暑すぎ......,5,3,2,9609,10549,9931,0.65,0.65,0,7,
360,二人仲良く,7,3,1,11378,8456,9448,0.2,0.2,0,8,
361,私に言えること,16,2,2,5142,6552,4078,0.3,0.3,0,7,
362,光満ちる水の中で,15,4,1,12335,11312,10741,0.6,0.6,0,7.5,
363,煌めく水の魔法,16,4,1,10892,11974,11224,1.1,1.1,0,7,
364,ぐるぐるレッツゴー！,18,3,1,10150,9422,10789,0.3,0.3,0,7.5,
365,真夏のサンライト,17,3,2,10737,9396,9959,0.2,0.2,0,8,
366,水際のマーメイド,19,2,3,3924,5079,6751,0.3,0.3,0,7,
367,うさぎに見えるもの,1,4,0,8818,10143,15128,1,1,0,7,
368,キラキラの笑顔,3,4,0,10143,9090,15160,0.6,0.6,0,7.5,
369,休日のショコラ,2,3,0,10815,9396,10150,0.3,0.3,0,7.5,
370,レッツ・シング♪,0,3,3,9609,10655,9824,0.2,0.2,0,8,
371,有咲のセッション,4,2,3,6233,4601,5156,0.1,0.1,0,8,
372,変わりゆく空,5,4,3,11071,12243,10772,1,1,0,7,
373,隣にいること,6,4,3,12243,10983,10863,1.1,1.1,0,7,
374,アタシ達の夕焼け,8,3,3,9850,9154,11084,0.65,0.65,0,7,
375,止まっていた時間,7,3,0,8582,9479,11572,0.2,0.2,0,8,
376,気づいた『変化』,9,3,1,10714,9368,10010,0.2,0.2,0,8,
377,陽だまりのひととき,12,4,0,15128,10113,8851,1.1,1.1,0,7,
378,秋空の下でピクニック,23,4,0,15160,9061,10172,0.6,0.6,0,7.5,
379,初めてのラテアート,10,2,0,5590,5858,5137,0.1,0.1,0,8,
380,木漏れ日の中で,24,3,2,8719,9454,11464,0.2,0.2,0,8,
381,カフェラテの香り,21,2,1,4093,6523,5156,0.3,0.3,0,7,
382,アヤ・オー・ランタン,10,4,1,8851,15098,10143,1,1,0,7,
383,イタズラデビル,11,4,1,10172,15128,9090,0.6,0.6,0,7.5,
384,スウィートキャット,13,3,1,9396,10130,10843,0.3,0.3,0,7.5,
385,アイドル・ウィッチ,12,3,0,12513,9481,7169,0.6,0.6,0,7,
386,可憐な吸血鬼,14,2,1,5873,5126,5440,0.1,0.1,0,8,
387,基礎を大事に,2,4,1,11343,11521,11285,1.2,1.2,0,7,
388,受け取ってほしい,21,4,2,11285,11312,11550,1.2,1.2,0,7,
389,キラキラのお日様,20,4,0,11071,12180,10832,1.1,1.1,0,7,
390,ここがあたしの居場所,24,4,0,11041,10863,12180,1,1,0,7,
391,みんなの力を合わせて,23,3,0,11033,9448,9878,0.3,0.3,0,7.5,
392,自分は自分,21,3,1,11520,9292,8829,0.2,0.2,0,8,
393,笑顔のために！,22,3,1,9396,9609,11084,0.2,0.2,0,8,
394,脱、猫かぶり,4,4,2,10203,15069,8818,1.1,1.1,0,7,
395,コミュ力MAX,17,4,2,10113,15160,9119,0.6,0.6,0,7.5,
396,考えすぎ？,2,2,2,5186,5229,6023,0.3,0.3,0,7,
397,ハイテンション！,7,3,3,10789,9422,9878,0.2,0.2,0,7,
398,硬派な不良？,5,2,3,5121,4787,6203,0.1,0.1,0,8,
399,舞台監督,13,4,0,10654,12152,11582,0.6,0.6,0,7.5,
400,舞台衣装,19,4,0,10926,11041,12125,1,1,0,7,
401,主演,21,3,0,10655,9690,9742,0.65,0.65,0,7,
402,舞台監督補,10,3,1,11544,9345,8746,0.2,0.2,0,8,
403,舞台衣装,15,2,1,5081,3850,6842,0.3,0.3,0,7,
404,VERSUS,15,4,3,15098,9061,10233,0.6,0.6,0,7.5,
405,信じるもの,18,4,3,15069,9928,9090,1,1,0,7,
406,宣戦布告,17,3,3,10280,9340,10737,0.3,0.3,0,7.5,
407,静かに燃える炎,16,3,0,8177,11491,9968,0.2,0.2,0,8,
408,秘めたる闘志,19,2,0,4108,5142,6523,0.3,0.3,0,7,
409,創作の時間,2,4,2,11550,12180,10654,0.6,0.6,0,7.5,
410,安らぎを友へ,3,4,2,10772,11102,12214,1,1,0,7,
411,商店街の呼び声,0,3,2,10897,9984,9476,0.4,0.4,0,7,ライフ600以上でスコア40%アップ/600未満で300回復
412,差し入れを手に,4,3,0,9609,10682,9798,0.2,0.2,0,8,
413,贈るエール,1,2,2,5858,5111,5470,0.1,0.1,0,8,
414,カラフルポッピン！,0,2,3,6037,5545,5007,0.1,0.1,0,8,
415,カラフルポッピン！,1,2,0,5590,6116,4887,0.1,0.1,0,8,
416,カラフルポッピン！,2,2,1,5381,4904,6155,0.3,0.3,0,7,
417,カラフルポッピン！,3,2,2,4977,5517,6098,0.1,0.1,0,8,
418,カラフルポッピン！,4,2,0,6155,5470,4813,0.3,0.3,0,7,
419,グロウアップロック,5,2,1,5470,6006,5111,0.1,0.1,0,8,
420,グロウアップロック,6,2,0,4841,6142,5455,0.3,0.3,0,7,
421,グロウアップロック,7,2,2,6023,5037,5529,0.1,0.1,0,8,
422,グロウアップロック,8,2,3,4782,5500,6155,0.3,0.3,0,8,
423,グロウアップロック,9,2,1,5111,5978,5500,0.1,0.1,0,7,
424,煌めくステージへ,10,2,3,5517,5948,5126,0.1,0.1,0,8,
425,煌めくステージへ,11,2,1,5126,5529,5933,0.1,0.1,0,8,
426,煌めくステージへ,12,2,3,5545,5137,5904,0.1,0.1,0,8,
427,煌めくステージへ,13,2,2,6006,5485,5096,0.1,0.1,0,8,
428,煌めくステージへ,14,2,0,5574,5888,5126,0.1,0.1,0,8,
429,重なり合う青薔薇,15,2,2,4917,5395,6127,0.3,0.3,0,7,
430,重なり合う青薔薇,16,2,1,6155,4841,5440,0.3,0.3,0,7,
431,重なり合う青薔薇,17,2,3,5411,5994,5186,0.1,0.1,0,8,
432,重なり合う青薔薇,18,2,0,5559,5052,5978,0.1,0.1,0,8,
433,重なり合う青薔薇,19,2,1,6056,5171,5361,0.1,0.1,0,8,
434,笑顔のマジック,20,2,3,5137,5455,5994,0.1,0.1,0,8,
435,笑顔のマジック,21,2,0,5800,5485,5156,0.3,0.3,0,7,
436,笑顔のマジック,22,2,2,5137,5964,5485,0.1,0.1,0,8,
437,笑顔のマジック,23,2,1,5545,4932,6116,0.1,0.1,0,8,
438,笑顔のマジック,24,2,2,5425,6116,4904,0.3,0.3,0,7,
439,いっしょにあそぼう,6,4,1,8938,10294,15160,0.8,0.8,0,7,ライフ600以上でスコア80%アップ/600未満で400回復
440,みんなでパーティ,9,4,1,9812,9180,15098,1.1,1.1,0,7,
441,かっこいいあか,8,3,1,9422,10897,10038,0.3,0.3,0,7.5,
442,だいぼうけん,5,3,0,9236,11329,9072,0.2,0.2,0,8,
443,なつかしクリスマス,7,2,0,6023,5276,5137,0.1,0.1,0,8,
444,目指せ大成功,7,4,3,9841,9180,15069,1,1,0,7,
445,ひまりコーデ,22,4,3,9150,10113,15128,0.6,0.6,0,7.5,
446,素敵なおそろい,12,3,3,10737,9555,9798,0.65,0.65,0,7,ライフ900未満で0.55
447,掘り出し物,14,3,1,9878,10682,9529,0.2,0.2,0,8,
448,手渡しの想い,2,2,3,6188,5105,4817,0.1,0.1,0,8,
449,天文部へようこそ！,11,4,2,12061,10983,11041,1,1,0,7,
450,２人で見た星空,16,4,2,12214,11550,10621,0.6,0.6,0,7.5,
451,12月の天体観測,9,3,2,9503,9581,11005,0.65,0.65,0,7,Great以下を出すまで 以降は55%
452,わくわく作戦会議,20,3,0,9428,8829,11383,0.2,0.2,0,8,
453,星のきらめき,17,2,1,4802,6188,5121,0.1,0.1,0,8,
454,目覚める対抗心,5,4,2,11403,11285,11461,1.2,1.2,0,7,
455,気持ちを１つに,17,4,3,11403,11256,11492,1.2,1.2,0,7,
456,大成功！？,0,4,0,15098,9210,9782,1.1,1.1,0,7,Great以下を出すまで 以降は55%
457,新年会スタート！,10,4,0,15128,10084,9180,0.6,0.6,0,7.5,
458,自慢の一芸,1,3,0,9769,10737,9581,0.65,0.65,0,7,ライフ900未満では0.55
459,練習の賜物,24,3,3,9454,8909,11273,0.2,0.2,0,8,
460,今年もバーンと！,18,2,2,4245,6432,5097,0.3,0.3,0,7,
461,理想と現実,13,4,2,10143,9180,15069,0.6,0.6,0,7.5,
462,フツツカモノ,14,4,2,9269,9722,15098,1.1,1.1,0,7,Great以下を出すまで 以降は90%
463,結果オーライ,11,3,2,9663,10629,9798,0.6,0.6,0,7,
464,模範的アイドル,12,3,1,10682,9769,9636,0.2,0.2,0,8,
465,頑固者？,10,2,3,5105,6174,4832,0.1,0.1,0,5,ライフ減少無効 秒数要確認
466,夜語り,24,4,1,11223,12395,10772,0.8,0.8,0,7,ライフ600以上でスコア80%アップ/600未満で400回復
467,儚きババ抜き,21,4,1,12152,10832,11102,1,1,0,7,
468,飛び出す絵本,20,3,1,9422,10063,10871,0.3,0.3,0,7.5,
469,来たよー！！,22,3,2,12044,9481,7636,0.6,0.6,0,7,
470,小旅行？,23,2,2,5074,4773,6264,0.1,0.1,0,8,
471,嬉し涙とチョコレート,7,4,2,9299,15069,9722,1,1,0,7,
472,笑顔映えのひとくち,23,4,2,9240,15098,9752,1.1,1.1,0,7,great以下を出すまで
473,彩ちゃんがよなべして,10,3,2,10815,9690,9581,0.65,0.65,0,7,great以下を出すまで
474,あまいまなざし,19,3,3,11219,8968,9454,0.2,0.2,0,8,
475,デコレーション,3,2,0,5381,4992,6070,0.1,0.1,0,8,
476,看板娘,3,4,3,9332,15098,9961,0.8,0.8,0,7,ライフ600未満なら400回復
477,一ヘラ入魂,8,4,3,9269,15128,9690,1,1,0,7,
478,知る人ぞ知る近道？,22,3,3,10789,10187,9368,0.3,0.3,0,7.5,
479,因縁の......猫,9,3,0,9878,9503,10714,0.2,0.2,0,8,
480,バイトデビュー？,18,2,3,6523,4078,5171,0.3,0.3,0,7,
481,友へ贈る花束,15,4,2,10592,12180,11615,0.8,0.8,0,7,ライフ600未満なら400回復
482,わたしとピアノ,19,4,2,12105,11071,10926,1.1,1.1,0,7,great以下を出すまで
483,新作への挑戦,16,3,2,10167,9263,10926,0.3,0.3,0,7.5,
484,気づかいの空回り,18,3,0,9636,9742,10714,0.2,0.2,0,8,
485,心配しすぎ？,17,2,3,6113,4863,5134,0.1,0.1,0,5,ライフ減少無効
486,ガラス越しの君,1,4,1,10051,15128,9210,0.6,0.6,0,7.5,
487,光あふれて,12,4,1,9871,15160,9061,1.1,1.1,0,7,great以下出すまで
488,連戦連勝,18,3,1,9396,10167,10789,0.4,0.4,0,7,ライフ600未満なら300回復
489,笑顔のワンコイン,20,3,2,11411,9017,9209,0.2,0.2,0,8,
490,キャンディに込めて,9,2,1,5088,4743,6279,0.1,0.1,0,5,ライフ減少無効
491,再来・桜舞う季節,0,4,3,10654,11461,12273,0.6,0.6,0,7.5,
492,離れても心は,2,4,3,12125,11013,10951,1.1,1.1,0,7,great以下を出すまで
493,微笑みの場所,4,3,3,9824,10737,9529,0.65,0.65,0,7,great以下を出すまで
494,思い出の道,3,3,1,9539,7636,11988,0.6,0.6,0,7,
495,新たなるステージ,1,2,2,6218,4893,4999,0.1,0.1,0,5,ダメージ減少無効
496,全員歓迎っ！,20,4,3,11256,11433,11461,1.2,1.2,0,7,PERFECTのみ
497,憧れは忍べない,14,4,1,11371,11521,11256,1.2,1.2,0,7,PERFECTのみ
498,秘密のアレンジ,6,4,0,11193,12105,10802,1.1,1.1,0,7,GREAT以下をだすと90%
499,進む先は同じ,16,4,0,11102,10863,12125,1,1,0,7,
500,期待の新星MC,1,3,0,10763,9476,9850,0.65,0.65,0,7,GREAT以下をだすと55%
501,とびきりショータイム,21,3,2,11357,9398,8882,0.3,0.3,0,7,
502,それがアイドル,11,3,1,8746,11438,9454,0.2,0.2,0,8,
503,心、満開,23,4,1,15098,9990,9299,0.8,0.8,0,7,ライフ600未満の場合0%
504,これで完璧！,10,4,1,15128,9299,9660,1.1,1.1,0,7,GREAT以下を出すと90%
505,ギリギリのお花見,17,3,1,9904,9503,10682,0.65,0.65,0,7,GREAT以下を出すと55%
506,のんびりお花見,5,3,3,9581,10682,9824,0.2,0.2,0,8,
507,感動のお花見,13,2,3,4725,5134,6248,0.1,0.1,0,8,
508,メガネなあたし,5,4,0,15069,9269,10051,0.6,0.6,0,7.5,
509,副会長は大忙し！,9,4,0,15128,9629,9332,1.1,1.1,0,7,GREATを出すと90%
510,疲れた〜〜,7,3,0,10187,10763,9396,0.4,0.4,0,7,ライフ600未満なら0%
511,迫力のある先輩,8,3,2,9503,9798,10789,0.2,0.2,0,8,
512,絶対マイペース,6,2,1,4880,6218,5013,0.1,0.1,0,8,
513,頼れる書記に,4,4,3,12180,10741,11161,1.1,1.1,0,7,GREAT以下を出すと90%
514,立派な生徒会長に,19,4,3,10592,12243,11550,0.8,0.8,0,7,ライフ600未満なら0%
515,ほんの少しのお手伝い,23,3,3,9448,10010,10629,0.6,0.6,0,7,
516,きまじめ風紀委員,16,3,1,9398,11329,8909,0.2,0.2,0,8,
517,頑張りはほどほどに,24,2,0,5134,4832,6143,0.1,0.1,0,5,
518,惜別の時,11,4,2,9660,9269,15160,1.1,1.1,0,7,GREAT以下を出すと90%
519,キャパオーバー,12,4,2,9901,9362,15128,0.6,0.6,0,7.5,
520,オーバーテクノロジー,13,3,2,9581,10655,9850,0.65,0.65,0,7,GREAT以下を出すと55%
521,一刀両断,14,3,3,9209,11383,9045,0.3,0.3,0,7,
522,SNS中毒？,10,2,0,6537,5124,4108,0.3,0.3,0,7,
523,覚醒せし大魔姫,18,4,1,9961,15069,9362,0.6,0.6,0,7.5,
524,冥界の導き手,6,4,1,9362,15128,9601,1.1,1.1,0,7,GREAT以下を出すと90%
525,饗宴に招かれしもの,5,3,1,10843,10150,9368,0.3,0.3,0,7.5,
526,優艶なる調べ,19,3,0,10010,9503,10574,0.2,0.2,0,8,
527,トワイライトバトラー,8,2,0,6188,4908,5013,0.1,0.1,0,8,
528,CiRCLEパン祭り,3,4,0,11371,11550,11223,1.2,1.2,0,7,PERFECTのみ
529,全力リハーサル,8,4,1,11582,11256,11312,1.2,1.2,0,7,PERFECTのみ
530,ビー玉越しの世界,20,4,3,11285,12366,10741,0.8,0.8,0,7,ライフ600未満なら0%
531,花咲く笑顔,22,4,3,12125,10832,11132,1.1,1.1,0,7,GREAT以下を出すと90%
532,驚きの中身,24,3,3,10714,9718,9663,0.65,0.65,0,7,GREAT以下を出すと55%
533,色とりどりの輝き,23,3,2,7636,9509,12016,0.6,0.6,0,7,
534,エレガントパトロール,21,2,1,5121,4817,6174,0.1,0.1,0,8,
535,花嫁の手に咲く幸せ,14,4,0,10084,15069,9240,0.8,0.8,0,7,ライフ600未満なら0%
536,愛の花舞う瞬間に,0,4,0,9841,15160,9090,1.1,1.1,0,7,ライフ900未満なら90%
537,はにかみベールガール,9,3,0,9503,9850,10737,0.65,0.65,0,7,ライフ900未満なら55%
538,花色ドレスアップ,4,3,1,11357,9045,9236,0.3,0.3,0,7,
539,ブライズメイド,5,2,0,5148,4787,6174,0.1,0.1,0,8,
540,はじまりのセッション,17,4,1,9871,9119,15098,1.1,1.1,0,7,great以下を出すまで
541,二人の約束,16,4,1,9180,10263,14945,0.8,0.8,0,7,ライフ600未満なら400回復
542,リサ姉のために！,18,3,1,9396,10737,10229,0.3,0.3,0,7.5,
543,共に見る未来,15,3,2,9968,10784,8882,0.3,0.3,0,7.5,
544,内に秘めた情熱,19,2,2,6024,5270,4817,0.1,0.1,0,8,
545,エールソング,10,2,1,5270,6459,4381,0.1,0.1,0,8,
546,エールソング,6,2,0,4743,6233,5134,0.1,0.1,0,8,
547,エールソング,17,2,2,6796,5124,3850,0.3,0.3,0,7,
548,エールソング,23,2,3,5873,5156,5411,0.1,0.1,0,8,
549,エールソング,9,2,2,5065,3881,6826,0.3,0.3,0,7,
550,手と手をとって,24,4,2,10562,12574,11256,0.6,0.6,0,7.5,
551,誰かを守るということ,2,4,2,10926,10802,12366,1.1,1.1,0,7,ライフ900以上
552,リビングでデッド,0,3,2,9313,9850,11192,0.3,0.3,0,7.5,
553,好奇心の行き着く先,20,3,0,10897,9340,9850,0.2,0.2,0,8,
554,ホラーテイスト,10,2,3,6023,5306,5111,0.1,0.1,0,8,
555,みんながいたから,4,4,1,15216,9722,9150,1,1,0,7,
556,大切なメモワール,1,4,1,14708,9332,10348,0.6,0.6,0,7.5,
557,サプライズプレゼント,3,3,1,10229,10714,9422,0.3,0.3,0,7.5,
558,絆のリストバンド,2,3,2,9152,9968,10512,0.2,0.2,0,8,
559,レッツ・パーティ！,0,2,0,5726,5813,5350,0.1,0.1,0,8,
560,紡ぎ合う音,13,4,0,9150,9841,15098,1.1,1.1,0,7,GREAT以下を出すまで
561,想いの懸け橋,15,4,0,9421,10172,14796,0.6,0.6,0,7.5,
562,ステップアップ,9,3,0,9529,10789,10038,0.3,0.3,0,7,ライフ減少無効
563,希望のメロディ,0,3,1,11057,9698,8882,0.2,0.2,0,8,
564,私達の音楽で,2,2,2,5013,6174,4923,0.1,0.1,0,8,
565,憧れの自分,7,4,1,12061,11461,10562,1.1,1.1,0,7,gredat以下を出すまで
566,めぐる思い出,8,4,1,11643,10592,12152,0.6,0.6,0,7.5,
567,声をあわせて,6,3,1,10926,10386,9048,0.3,0.3,0,7.5,
568,みんなで探そう,5,3,3,9262,9539,10366,0.6,0.6,0,7,
569,幸せティータイム,9,2,3,5411,6006,5023,0.1,0.1,0,8,
570,水面をなでて,10,4,3,9362,10440,14587,0.6,0.6,0,7.5,
571,心晴れやかに,12,4,3,9812,9210,15069,1.1,1.1,0,7,great以下を出すまで
572,もう待ちきれない！,11,3,3,10714,9555,9824,0.65,0.65,0,7,great以下を出すまで
573,海の中のアクアリウム,13,3,0,9698,10784,9152,0.2,0.2,0,8,
574,ビーチパラダイス,14,2,2,5395,5978,5066,0.1,0.1,0,8,
575,言葉を紡いで,15,4,2,11615,11285,11256,1.2,1.2,0,7,perfectのみ
576,はぐみが代表！,22,4,0,11223,11343,11582,1.2,1.2,0,7,perfectのみ
577,私たちの贅沢な時間,14,4,0,14556,9390,10440,0.6,0.6,0,7.5,
578,華麗に登場！,21,4,0,15038,9722,9332,1.1,1.1,0,7,great以下を出すまで
579,星空の下で,2,3,0,10130,9850,10386,0.4,0.4,0,7,ライフ600未満ならライフ300回復
580,自然の私で,3,3,2,9742,9878,10469,0.2,0.2,0,8,
581,北欧の風を感じて,8,2,2,5270,5435,5404,0.1,0.1,0,8,
582,眩しい花束,23,4,2,10684,11403,12303,0.6,0.6,0,7.5,
583,笑顔のリズム,20,4,2,12335,10592,11161,1.1,1.1,0,7,great以下を出すまで
584,大きな光・小さな光,24,3,2,9850,10495,9742,0.7,0.7,0,7,
585,心躍る花火大会,22,3,3,10655,10130,9313,0.2,0.2,0,8,
586,儚い一句,21,2,1,4968,5420,5721,0.1,0.1,0,5,ライフ減少無効
587,ダークウォーカー,18,4,0,9782,9180,15128,1.1,1.1,0,7,great以下を出すまで
588,やがて来る未来,19,4,0,10294,9511,14587,0.6,0.6,0,7.5,
589,祝いのパフェ,16,3,0,9555,10815,9984,0.3,0.3,0,7.5,
590,見えない・でも大丈夫,17,3,3,10084,9836,9722,0.2,0.2,0,8,
591,光へと,15,2,0,5306,5611,4852,0.3,0.3,0,7,
592,あのね日菜先輩,9,4,1,14857,9390,9841,1,1,0,7,
593,なになにつぐちゃん,11,4,1,14406,9269,10713,0.6,0.6,0,7.5,
594,新たな試みのために,13,3,1,9959,10926,9476,0.3,0.3,0,7.5,
595,学食スイーツ！,7,3,2,9048,11461,9581,0.2,0.2,0,8,
596,儚いアフタヌーンを,21,2,2,5216,5381,5842,0.1,0.1,0,8,
597,電光石火！,10,4,2,12243,10654,11492,0.6,0.6,0,7.5,
598,凛然たる読み手,16,4,2,11071,12152,10863,1.1,1.1,0,7,great以下を出すまで
599,光のどけき,23,3,2,9581,9850,10926,0.3,0.3,0,7.5,
600,ふりさけ見れば,12,3,3,9742,9581,10763,0.2,0.2,0,8,
601,跳ねるうさぎ,22,2,1,3987,6673,5110,0.3,0.3,0,7,
602,楽しい打ち上げ,0,4,2,11550,11343,11256,1.2,1.2,0,7,perfectのみ
603,東奔西走,12,4,1,11643,11223,11285,1.2,1.2,0,7,perfectのみ
604,最前列の赤ずきん,4,4,0,9421,15008,9660,1.1,1.1,0,7,great以下を出すまで
605,お姉ちゃんは魔女,3,4,0,9841,14406,10143,0.8,0.8,0,7,ライフ600未満なら代わりに500回復
606,抱きつきキョンシー,0,3,0,11324,9581,9178,0.6,0.6,0,7,
607,こわくないよ？,2,3,1,9428,8882,11329,0.2,0.2,0,8,
608,ハロウィンラビット,1,2,0,5870,5043,5194,0.1,0.1,0,8,
609,近づく距離,17,4,3,14587,9390,10412,0.6,0.6,0,7.5,
610,みんなでチクチク,24,4,3,15038,9660,9390,1.1,1.1,0,7,GREAT以下で90%
611,儚さは永遠に,21,3,3,9798,9581,10714,0.65,0.65,0,7,ライフ900未満で55%
612,傑作の予感,1,3,2,8857,11357,9428,0.2,0.2,0,8,
613,ファーマースタイル,14,2,3,4817,5351,5947,0.1,0.1,0,5,
614,ずっと隣に,6,4,0,12273,11492,10621,0.6,0.6,0,7.5,
615,ひたむきな想い,5,4,0,10713,11343,12036,1,1,0,7,
616,芸術に触れて,7,3,0,9636,9529,10926,0.6,0.6,0,7,
617,カッコイイ差し入れ,8,3,1,9313,10926,9850,0.2,0.2,0,8,
618,伝わる気持ち,9,2,2,5121,5351,5647,0.1,0.1,0,5,ライフ減少無効
619,秋つかまえて,2,4,1,9812,10143,14437,0.8,0.8,0,7,ライフ600未満なら代わりに500回復
620,見上げると、秋,22,4,1,9629,9421,15038,1.1,1.1,0,7,great以下を出すまで
621,カメラを向けるな！,5,3,1,9340,10763,10258,0.3,0.3,0,7,ライフ減少無効
622,思い出描いて,15,3,3,9581,11354,9154,0.2,0.2,0,8,
623,秋色キツネ,16,2,1,5481,5351,5284,0.1,0.1,0,8,
624,素顔の私で,10,4,3,12366,11762,10263,0.6,0.6,0,7.5,
625,思い描いたステージ,14,4,3,10772,11161,12152,1,1,0,7,
626,ガールズスナップ,13,3,3,9904,10950,9503,0.4,0.4,0,7,ライフ600未満なら代わりに300回復
627,特別なこの瞬間を,12,3,1,10224,9262,9674,0.6,0.6,0,7,
628,フレッシュホッピング,11,2,0,5395,5186,5858,0.1,0.1,0,8,
629,猫の手を借りたい,15,4,1,9690,14945,9452,1.1,1.1,0,7,great以下を出すまで
630,掴み取る栄光,19,4,1,9539,14916,9629,1,1,0,7,
631,解放されし力？,18,3,1,9048,9878,11163,0.65,0.65,0,7,ライフ900未満なら55%
632,仲間の危機に,16,3,3,10784,9292,9562,0.2,0.2,0,8,
633,ビバ・ファンタジー！,17,3,2,9479,8829,11329,0.3,0.3,0,7,ライフ減少無効
634,とっておきのデザイン,7,4,0,11223,11256,11674,1.2,1.2,0,7,perfectのみ
635,おそろいのTシャツ,11,4,0,11403,11521,11223,1.2,1.2,0,7,pefectのみ
636,メリーパーティ！,22,4,2,9362,15038,9690,1.1,1.1,0,7,great以下を出すまで
637,迷子のサンタさん,24,4,2,9150,15069,9871,1,1,0,7,
638,よい子のみんなへ,21,3,2,11084,9931,9340,0.3,0.3,0,7.5,
639,特別な夜のために,20,3,0,9562,9263,10812,0.3,0.3,0,7,ライフ減少無効
640,クリスマスをまとって,23,2,3,5450,5270,5390,0.1,0.1,0,8,
641,かおちゃんがいるから,12,4,3,12544,11256,10592,0.8,0.8,0,7,ライフ600未満の場合ライフ400回復
642,ちーちゃんと一緒に,21,4,3,11132,12152,10802,1.1,1.1,0,7,great以下を出すまで
643,乙女の憧憬,7,3,3,9313,11111,9931,0.3,0.3,0,7.5,
644,心踊る生徒会長,11,3,2,10815,9931,9340,0.2,0.2,0,8,
645,高貴なドラマー,13,2,2,4953,5420,5737,0.1,0.1,0,8,
646,仲直りの印,1,4,0,14916,9571,9601,1.1,1.1,0,7,great以下を出すまで
647,おしるこパーティ♪,7,4,0,14292,10381,9722,0.6,0.6,0,7.5,
648,河原で見つけた宝物,14,3,0,10229,11354,8778,0.2,0.2,0,7.5,
649,タッチで・ピョンッ♪,22,3,1,8993,11411,9236,0.2,0.2,0,8,
650,蘭うさぎとお散歩に,5,2,1,5126,5246,6070,0.1,0.1,0,8,
651,楽しさ重なる調べ,19,4,3,11674,11193,11285,1.2,1.2,0,7,perfectのみ
652,もう一人のあたし,24,4,1,11705,11161,11285,1.2,1.2,0,7,perfectのみ
653,緊急強化合宿！,4,4,3,11256,11705,11193,1.2,1.2,0,7,perfectのみ
654,やわらかな風,5,4,2,14376,10294,9722,0.6,0.6,0,7.5,
655,おねーちゃんのために,18,4,2,15008,9601,9481,1.1,1.1,0,7,ライフ900未満なら90%
656,夢の果実,23,3,2,10358,9072,10926,0.4,0.4,0,7,ライフ600未満なら300回復
657,紙々の舞い,4,3,0,8958,10639,9566,0.6,0.6,0,7,
658,夢幻の踊り子,16,2,3,5270,5435,5404,0.1,0.1,0,5,ライフ減少無効
659,あの頃の思い出,0,4,1,12125,10802,11161,1.1,1.1,0,7,great以下を出すまで
660,Toy Friends,2,4,1,10263,12662,11461,0.6,0.6,0,7.5,
661,ブリキのうさぎ,1,3,1,9048,9850,11461,0.3,0.3,0,7.5,
662,おもちゃ集めてます！,3,3,0,9698,10512,9428,0.3,0.3,0,7,ライフ減少無効
663,からくりピスクドール,4,2,0,6056,5246,5137,0.1,0.1,0,8,
664,龍・舞い踊る！,20,4,0,9690,10294,14406,0.6,0.6,0,7.5,
665,笑顔灯りて,17,4,0,9362,9722,15008,1,1,0,7,
666,華やかエキゾチック,6,3,0,10714,9529,9850,0.6,0.6,0,7,
667,獅子舞プレッシャー,24,3,1,11461,9178,9448,0.2,0.2,0,8,
668,なりきりオリエンタル,11,2,2,4999,6203,4908,0.1,0.1,0,8,
669,るるるるるんっ♪,11,4,3,14945,9467,9672,1.1,1.1,0,7,ライフ900未満なら90%
670,レッツ☆テンパリング,13,4,3,14916,9614,9555,1,1,0,7,
671,混ぜ方注意！,12,3,3,10386,10897,9072,0.3,0.3,0,7.5,
672,デコレーション完成！,14,3,2,9313,11324,9448,0.2,0.2,0,8,
673,バレンタインの微笑み,10,2,2,5121,5420,5570,0.1,0.1,0,5,ライフ減少無効
674,充足の凱旋,15,4,0,10889,11942,11256,1.1,1.1,0,7,great以下を出すまで
675,一番の応援者,16,4,0,11582,12125,10684,0.6,0.6,0,7.5,
676,たどり着いた場所,19,3,0,10655,9636,9798,0.6,0.6,0,7,
677,必然のつながり,17,3,1,9836,9562,10243,0.2,0.2,0,8,
678,手を取り合って,18,3,1,10926,9824,9340,0.2,0.2,0,8,
679,広がる、あの日の景色,23,4,3,11461,10863,11762,1,1,0,7,
680,差し入れにハニカミ☆,4,4,3,10562,11161,12662,0.6,0.6,0,7.5,
681,行き先はどちらまで？,12,2,3,5904,5137,5395,0.3,0.3,0,7,
682,鋭意作曲中！,24,3,0,9940,10243,9454,0.2,0.2,0,8,
683,一曲、いかがですか？,19,2,2,5246,5770,5424,0.1,0.1,0,8,
684,お返しのお手伝い,9,4,2,9299,14675,10412,0.8,0.8,0,7,ライフ600未満なら400回復
685,みんなの人気者,8,4,2,9990,15008,9090,1.1,1.1,0,7,great以下を出すまで
686,お返し作戦スタンバイ,5,3,2,10682,9718,9690,0.6,0.6,0,7,
687,コードネームモカ,6,3,3,10602,9636,9850,0.2,0.2,0,8,
688,ホワイトティータイム,7,2,2,5194,5028,5886,0.1,0.1,0,8,
689,今日は記念日,6,4,1,12605,10926,10863,0.6,0.6,0,7.5,
690,たくさんの瞬間を,3,4,1,10889,12105,11102,1.1,1.1,0,7,great以下を出すまで
691,もう落ちない！,10,3,1,10310,9100,10950,0.3,0.3,0,7.5,
692,窓際の微笑み,15,3,0,9904,10602,9581,0.2,0.2,0,8,
693,カントリーフラワー,12,2,3,5737,5404,4968,0.1,0.1,0,5,ライフ減少無効
694,ドキドキのお嬢様学校,25,4,3,12061,11312,11013,0.8,0.8,0,7,ライフ600未満なら500回復
695,空前のブーム到来,26,4,1,10889,12061,11132,1,1,0,7,
696,おまけコレクション,27,4,0,10654,11521,12214,0.6,0.6,0,7.5,
697,お姉ちゃんだから,28,4,0,12964,10412,10713,1,1,0,7,
698,知識の海へ,29,4,2,11461,11161,11762,0.6,0.6,0,7.5,
699,輝き、ふたたび,25,3,2,10187,9313,10843,0.3,0.3,0,7.5,
700,傑作完成！,26,3,3,10950,9476,9931,0.3,0.3,0,7.5,
701,広がる景色,27,3,1,9663,11111,9313,0.6,0.6,0,7,
702,頼れる委員長,28,3,2,11138,9636,9581,0.3,0.3,0,7,ダメージ減少無効
703,才能と見切り,29,3,1,9476,9742,10871,0.6,0.6,0,7,
704,茜さす学び舎,5,4,1,11689,11223,11239,1.1,1.25,1,7,同バンドで125% perfectのみ
705,漂う月,23,4,2,11671,11256,11227,1.1,1.25,1,7,同バンドで125% perfectのみ
706,はやる気持ち,2,4,0,12061,10926,11102,0.95,1.15,2,7,同タイプで115% great以下を出すまで
707,歓声を背に,17,4,0,10263,12875,11256,0.8,0.8,0,7,ライフ600未満なら500回復
708,元気100倍！,22,3,0,9581,9718,10789,0.65,0.65,0,7,ライフ900未満なら55%
709,ポップアップジャンプ,7,3,1,9940,10243,9454,0.3,0.3,0,7,ライフ減少無効
710,期待高まるアンコール,12,3,2,10539,9940,9152,0.2,0.2,0,8,
711,４番、ピッチャー,22,4,1,9061,14708,10621,0.8,0.8,0,7,ライフ600未満なら500回復
712,１番、センター,21,4,1,9871,14978,9240,0.95,1.15,2,7,同タイプで115% great以下を出すまで
713,５番、セカンド,24,3,1,11056,9581,9448,0.65,0.65,0,7,ライフ900未満なら55%
714,８番、キャッチャー,23,3,3,9479,9152,11003,0.2,0.2,0,8,
715,７番、ライト,20,2,0,5904,5137,5395,0.1,0.1,0,8,
716,ピースフルジャンプ！,0,2,1,5656,6227,4879,0.1,0.1,0,5,ライフ減少無効
717,ピースフルジャンプ！,1,2,2,5241,6016,5505,0.1,0.1,0,8,
718,ピースフルジャンプ！,2,2,0,5966,5177,5455,0.3,0.3,0,7,
719,ピースフルジャンプ！,3,2,1,5156,5554,6048,0.1,0.1,0,8,
720,ピースフルジャンプ！,4,2,2,5276,5916,5406,0.3,0.3,0,7,
721,スカーレットソウル,5,2,1,5144,5966,5656,0.1,0.1,0,5,ライフ減少無効
722,スカーレットソウル,6,2,3,5997,5628,5128,0.1,0.1,0,8,
723,スカーレットソウル,7,2,2,5997,5455,5144,0.3,0.3,0,7,
724,スカーレットソウル,8,2,3,5733,4948,6081,0.1,0.1,0,5,ライフ減少無効
725,スカーレットソウル,9,2,0,5144,5621,5997,0.1,0.1,0,8,
726,にこにこプラネット,20,2,3,5455,6096,5209,0.1,0.1,0,5,ライフ減少無効
727,にこにこプラネット,21,2,2,5966,5144,5488,0.3,0.3,0,7,
728,にこにこプラネット,22,2,3,5112,5980,5670,0.1,0.1,0,8,
729,にこにこプラネット,23,2,1,6096,5193,5471,0.1,0.1,0,5,ライフ減少無効
730,にこにこプラネット,24,2,0,6129,5309,5156,0.3,0.3,0,7,
731,ブルーミングエール,10,2,1,5112,6016,5628,0.1,0.1,0,5,ライフ減少無効
732,ブルーミングエール,11,2,3,6145,5177,5441,0.1,0.1,0,8,
733,ブルーミングエール,12,2,2,5488,6081,5193,0.1,0.1,0,8,
734,ブルーミングエール,13,2,0,5488,5095,6016,0.3,0.3,0,7,
735,ブルーミングエール,14,2,1,5656,5949,5156,0.1,0.1,0,8,
736,ロフティアンビション,15,2,3,5656,6343,4766,0.1,0.1,0,8,
737,ロフティアンビション,16,2,1,5587,5423,5753,0.1,0.1,0,5,ライフ減少無効
738,ロフティアンビション,17,2,0,5423,4995,6180,0.3,0.3,0,7,
739,ロフティアンビション,18,2,2,6030,5610,5128,0.1,0.1,0,8,
740,ロフティアンビション,19,2,0,5095,5423,6245,0.1,0.1,0,8,
741,イノセントフラップ,25,2,3,5441,5209,5949,0.3,0.3,0,7,
742,イノセントフラップ,26,2,2,6081,5753,4931,0.1,0.1,0,8,
743,イノセントフラップ,27,2,0,5259,5423,6081,0.1,0.1,0,8,
744,イノセントフラップ,28,2,0,5753,6063,4948,0.1,0.1,0,8,
745,イノセントフラップ,29,2,3,6180,5471,5112,0.1,0.1,0,5,ライフ減少無効
746,ネガティブガール,25,1,0,3487,2425,1893,0.1,0.1,0,7,
747,学園の人気者,26,1,1,3450,1970,2463,0.1,0.1,0,7,
748,普通が一番,27,1,3,2410,3503,1879,0.1,0.1,0,7,
749,いつも自信満々,28,1,3,1985,3464,2448,0.1,0.1,0,7,
750,一目置かれる存在,29,1,2,2441,1909,3573,0.1,0.1,0,7,
751,みんなでポーズ☆,26,4,0,11521,10503,12366,0.6,0.6,0,7.5,
752,ようこそパーティへ！,25,4,0,10951,12036,11102,1.1,1.1,0,7,ライフ900未満なら90%
753,未知との遭遇,29,3,0,10629,9581,10150,0.3,0.3,0,7.5,
754,花丸リーダーシップ,28,3,1,9448,9850,10789,0.2,0.2,0,8,
755,SAKURAモード,27,2,2,5780,5270,5058,0.1,0.1,0,8,
756,支え合える存在,12,4,2,14866,9390,9832,0.95,1.15,2,7,同タイプで115% great以下を出すまで
757,笑い合える存在,10,4,2,14796,10263,9332,0.6,0.6,0,7.5,
758,サポートしますよ！,13,2,2,5590,6217,4782,0.1,0.1,0,5,ライフ減少無効
759,はじける喜び,14,3,0,8778,9850,11461,0.2,0.2,0,8,
760,あたしに任せて！,11,2,1,4837,5763,5171,0.3,0.3,0,7,
761,ついに来ちゃったね！,0,4,3,12036,10863,11492,0.6,0.6,0,7.5,
762,いつか至る場所,15,4,3,11223,12006,10863,0.95,1.15,2,7,同タイプで115% great以下を出すまで
763,ありのままでいること,5,3,3,9048,10038,11272,0.3,0.3,0,7,ライフ減少無効
764,イベント前のワクワク,10,3,1,7611,12016,9539,0.6,0.6,0,7,
765,笑顔が集まる場所へ！,20,3,2,10130,9581,10386,0.2,0.2,0,8,
766,凪ぐ海、そよぐ風,1,4,3,11307,11285,11558,1.1,1.25,1,7,同バンドで125% perfectのみ
767,わんぱく水遊び,13,4,1,11132,11705,11312,1.1,1.25,1,7,同バンドで125% perfectのみ
768,駄菓子屋初訪問！,27,4,2,9928,9210,14945,1.1,1.1,0,7,great以下を出すまで
769,日菜的大当たり,11,4,2,9421,10263,14708,0.8,0.8,0,7,ライフ600未満なら500回復
770,お探しのアレ！,22,3,2,9048,11192,10130,0.3,0.3,0,7.5,
771,心当たりは？,17,3,0,9931,10843,9313,0.2,0.2,0,8,
772,ワンダフルツアー,4,2,1,5812,5179,5121,0.1,0.1,0,5,ライフ減少無効
773,同じ空に向かって,9,4,3,10263,14437,9690,0.6,0.6,0,7.5,
774,みんなで、また一歩,7,4,3,9539,14945,9601,0.95,1.15,2,7,同タイプ great以下を出すまで
775,エマージェンシー！,8,3,3,10950,10089,9313,0.3,0.3,0,7.5,
776,明日へのStep,5,3,2,9878,9126,11084,0.2,0.2,0,8,
777,再点火！,6,2,0,5963,4968,5179,0.1,0.1,0,5,ライフ減少無効
778,異界の風を感じて,17,4,2,12366,11132,10592,0.95,1.15,2,7,タイプ一致 great以下を出すまで
779,戦場に詠う花嫁,19,4,2,10348,12662,11371,0.6,0.6,0,7.5,
780,祝福のティアラ,18,3,2,9581,9931,10843,0.3,0.3,0,7.5,
781,無敵の歌,15,3,0,9400,12540,7223,0.6,0.6,0,7,
782,ロイヤルナイト,16,2,1,5455,5306,5678,0.1,0.1,0,8,
783,六花の全力,31,4,1,12395,11433,10562,0.6,0.6,0,7.5,
784,世界を変える力,34,4,1,10562,12815,10713,1.1,1.1,0,7,great以下を出すまで
785,おいしい時間,30,3,1,9126,10150,11084,0.4,0.4,0,7,
786,お嬢のまかない,33,3,3,9984,9718,10386,0.2,0.2,0,8,
787,勧誘、ギタリスト！,32,3,2,9698,10653,9292,0.2,0.2,0,8,
788,なかよしアンブレラ,14,4,0,15098,9571,9421,0.95,1.15,2,7,同タイプ115 great以下を出すまで
789,雨の日ピクニック♪,3,4,0,14708,9571,10113,0.6,0.6,0,7.5,
790,微笑みハイドランジア,23,2,0,5381,6098,5111,0.1,0.1,0,8,
791,水面にほころぶ花々,12,3,2,8882,9836,10921,0.2,0.2,0,8,
792,お日様スマイル,7,2,3,5058,5871,5179,0.1,0.1,0,5,ライフ減少無効
793,チアフルスター☆,0,2,2,6263,5423,4909,0.3,0.3,0,7,
794,チアフルスター☆,1,2,1,5523,6113,5128,0.1,0.1,0,8,
795,チアフルスター☆,2,2,0,5610,4931,6227,0.1,0.1,0,8,
796,チアフルスター☆,3,2,1,5128,6081,5554,0.1,0.1,0,5,ライフ減少無効
797,チアフルスター☆,4,2,3,5241,5423,5933,0.3,0.3,0,7,
798,疾駆の空,5,2,3,5227,5916,5455,0.3,0.3,0,7,
799,疾駆の空,6,2,1,5423,4931,6245,0.3,0.3,0,7,
800,疾駆の空,7,2,0,4980,5569,6213,0.1,0.1,0,5,ライフ減少無効
801,疾駆の空,8,2,2,6145,5610,5012,0.1,0.1,0,8,
802,疾駆の空,9,2,2,6129,5045,5587,0.1,0.1,0,8,
803,ドリームイルミネート,10,2,2,5621,5061,6081,0.1,0.1,0,8,
804,ドリームイルミネート,11,2,0,5569,6048,5144,0.1,0.1,0,5,ライフ減少無効
805,ドリームイルミネート,12,2,1,5156,5505,6096,0.1,0.1,0,8,
806,ドリームイルミネート,13,2,3,5949,5177,5471,0.3,0.3,0,7,
807,ドリームイルミネート,14,2,0,6063,5505,5193,0.1,0.1,0,8,
808,ノーブル・ローズ,15,2,1,5628,5980,5144,0.1,0.1,0,8,
809,ノーブル・ローズ,16,2,3,5227,5997,5539,0.1,0.1,0,8,
810,ノーブル・ローズ,17,2,2,5144,5587,6030,0.1,0.1,0,8,
811,ノーブル・ローズ,18,2,3,5688,5112,5966,0.1,0.1,0,8,
812,ノーブル・ローズ,19,2,0,6081,5209,5471,0.1,0.1,0,5,ライフ減少無効
813,スマイルシーカー！,20,2,1,5156,6063,5539,0.1,0.1,0,8,
814,スマイルシーカー！,21,2,3,6113,5539,5112,0.1,0.1,0,5,ライフ減少無効
815,スマイルシーカー！,22,2,0,5455,6113,5030,0.3,0.3,0,7,
816,スマイルシーカー！,23,2,2,5610,5156,5997,0.1,0.1,0,5,ライフ減少無効
817,スマイルシーカー！,24,2,1,6163,5193,5406,0.1,0.1,0,8,
818,エキサイトパフォーム,30,2,3,5216,5917,5455,0.1,0.1,0,5,ライフ減少無効
819,エキサイトパフォーム,31,2,0,5964,5455,5171,0.1,0.1,0,8,
820,エキサイトパフォーム,32,2,1,5156,5291,5994,0.3,0.3,0,7,
821,エキサイトパフォーム,33,2,1,5678,5964,4947,0.1,0.1,0,5,ライフ減少無効
822,エキサイトパフォーム,34,2,0,5978,5186,5425,0.1,0.1,0,8,
823,宝物をお届け！,0,4,1,11161,11884,11041,0.95,1.15,2,7,同タイプ115 great以下を出す
824,後夜祭もマンキツ☆,4,4,1,10263,11193,12632,1.1,1.1,0,7,ライフ900以上
825,見覚えのある人影,3,3,1,9048,11378,9931,0.4,0.4,0,7,ライフ600未満なら450回復
826,勝利の花かんむり,2,3,2,9448,10926,9718,0.2,0.2,0,8,
827,仲良くレベルアップ♪,1,3,3,9806,9152,10675,0.2,0.2,0,8,
828,使い込まれた楽譜,29,4,3,10863,12105,11132,1,1,0,7,
829,モーニングコール,28,4,3,11492,10684,12214,0.6,0.6,0,7.5,
830,隠しきれない秘密,27,3,3,9263,10130,10977,0.3,0.3,0,7.5,
831,悔しさの先に,26,3,2,9806,10622,9209,0.2,0.2,0,8,
832,情熱、伝わる想い,25,2,1,5796,5028,16108,0.1,0.1,0,5,ライフ減少無効
833,夏の光に誘われて,24,4,2,14978,9901,9210,0.95,1.15,2,7,同タイプ115 great以下を出すまで
834,星屑の下のおしゃべり,23,4,2,14675,9452,10263,0.8,0.8,0,7,ライフ600未満なら500回復
835,儚き涙のそのわけは,21,3,2,9850,9422,10815,0.6,0.6,0,7,
836,ピカピカなお友達,20,3,3,9428,9836,10376,0.2,0.2,0,8,
837,サマーハピネス,22,2,1,4968,6024,5121,0.1,0.1,0,5,ライフ減少無効
838,バカンスポートレート,6,4,3,11582,12844,9961,0.6,0.6,0,7.5,
839,スプラッシュスタイル,9,4,3,11041,11193,11855,0.95,1.15,2,7,同タイプ115 great以下を出すまで
840,RIDEtheWAVE,8,3,3,10258,8912,10926,0.6,0.6,0,7,
841,恥じらう乙女,5,3,0,10655,9503,9931,0.2,0.2,0,8,
842,ラブリーサマーガール,7,2,1,5721,5284,5105,0.1,0.1,0,5,ライフ減少無効
843,水中のワンダーランド,20,4,1,11312,11734,11102,1.1,1.25,1,7,同バンド125 perfectのみ
844,花開く夏月の夜,18,4,2,11674,11132,11343,1.1,1.25,1,7,同バンド125 perfectのみ
845,心揺さぶる演奏,16,4,1,12006,10926,11161,0.95,1.15,2,7,同タイプ115 great以下を出すまで
846,グレイスフル・レッスン,21,4,1,10863,11161,12366,0.6,0.6,0,7.5,
847,奔放な音,1,2,1,5619,5096,5873,0.1,0.1,0,5,ライフ減少無効
848,荒削りなメロディ,26,3,0,9931,10926,9235,0.2,0.2,0,8,
849,言葉の架け橋,24,2,3,5004,5642,5124,0.3,0.3,0,7,
850,海ポスト見ーっけ☆,11,4,3,9812,9269,15008,0.95,1.15,2,7,同タイプ115 great以下を出すまで
851,人魚のお家で日光浴☆,1,4,3,9812,9871,14708,0.6,0.6,0,7.5,
852,色とりどりな岩場,0,3,3,9072,10926,10089,0.6,0.6,0,7,
853,爽快な不意打ち,13,3,1,9824,11192,9072,0.2,0.2,0,8,
854,お世話好きなお姫様,17,2,2,5871,5164,5074,0.1,0.1,0,5,ライフ減少無効
855,輝き始めた星,30,4,0,11762,12335,10294,0.6,0.6,0,7.5,
856,夜闇を裂く風,33,4,0,10863,11013,12214,1,1,0,7,
857,あなたがいたから,32,4,0,12662,10321,11102,1.1,1.1,0,7,ライフ900未満なら90%
858,やっぱりバンドって,31,3,3,9422,10926,9742,0.2,0.2,0,8,
859,クローゼットの涙,34,3,2,10622,9698,9317,0.2,0.2,0,8,
860,自分らしく楽しく,13,4,2,14978,9362,9752,0.95,1.15,2,7,同タイプ115 great以下を出すまで
861,ステージライトの中へ,12,4,2,14556,10294,9539,0.6,0.6,0,7.5,
862,先輩ムードメーカー,11,2,2,5485,5978,5126,0.1,0.1,0,5,ライフ減少無効
863,重なる思い,10,3,3,9048,10167,10871,0.2,0.2,0,8,
864,アイドル道の先輩,14,2,1,5004,5596,5171,0.3,0.3,0,7,
865,偲ぶ景色,15,4,0,12756,10621,11013,0.6,0.6,0,7.5,
866,伝わる音色,19,4,0,11256,12366,10472,0.95,1.15,2,7,同タイプ115 great以下を出すまで
867,ＳＴＯＰ！,17,3,0,9959,9048,11354,0.3,0.3,0,7.5,
868,発見、カッコいい,18,3,1,10556,9344,9262,0.6,0.6,0,7,
869,クラシカルホープ,16,2,2,5013,5121,5976,0.1,0.1,0,8,
870,一緒にハロウィン！,31,4,2,14796,9362,9928,0.95,1.15,2,7,同タイプ115 great以下を出すまで
871,スイートタイム,0,4,2,14556,10263,9571,0.8,0.8,0,7,ライフ600未満なら500回復
872,ノリノリキング,33,3,1,9698,9995,9940,0.2,0.2,0,8,
873,闇の力がアレする仮装,18,2,0,5074,5105,5933,0.1,0.1,0,5,ライフ減少無効
874,黒猫案内中,6,3,2,9850,11138,9368,0.3,0.3,0,7.5,
875,まどろみの窓辺,8,4,3,11492,11041,11615,1.1,1.25,1,7,同バンド125 perfectのみ
876,シャンデリア・ロード,14,4,2,11674,11312,11161,1.1,1.25,1,7,同バンド125 perfectのみ
877,反骨精神,5,4,1,11193,10348,12544,0.95,1.15,2,7,同タイプ115 great以下を出すまで
878,いつもの「アレ」,7,4,1,10562,12366,11161,1,1,0,7,
879,答え探し,6,3,1,9448,9850,11056,0.3,0.3,0,7,ライフ減少無効
880,諦めたくない,9,3,0,12344,7330,9481,0.6,0.6,0,7,
881,仲間はアタシが守る,8,3,2,9779,10294,9562,0.2,0.2,0,8,
882,つながる絆,3,4,3,9571,9332,15187,0.95,1.15,2,7,同タイプ115 great以下を出すまで
883,通じ合える関係,2,4,3,9539,9928,14916,0.6,0.6,0,7.5,
884,全力インタビュー！,0,2,3,5813,5229,5545,0.1,0.1,0,5,ライフ減少無効
885,パンフレット作り,4,3,2,10512,9722,9398,0.2,0.2,0,8,
886,うさぎ小屋紹介,1,2,1,5270,5796,5043,0.1,0.1,0,8,
887,スマイルウィッチ,20,4,0,12061,10772,11256,0.95,1.15,2,7,同タイプ115 great以下を出すまで
888,パワフルウィッチ,22,4,0,12815,10863,10412,1.1,1.1,0,7,ライフ900未満なら90%
889,やれやれウィッチ,24,3,0,9126,11192,10038,0.3,0.3,0,7.5,
890,儚いウィッチ,21,3,1,10130,10843,9126,0.2,0.2,0,8,
891,のんびりウィッチ,23,3,3,10023,9236,10376,0.3,0.3,0,7,ライフ減少無効
892,憧れの光を浴びて,25,4,1,11161,12605,10621,0.6,0.6,0,7.5,
893,初めての円陣,27,4,1,9961,11161,12964,1.1,1.1,0,7,ライフ900未満なら90%
894,名作詞家・二葉つくし,28,3,1,11272,9368,9718,0.3,0.3,0,7.5,
895,我関せず,29,3,2,10977,9850,9263,0.2,0.2,0,8,
896,最強ムードメーカー,26,2,3,5148,4968,5991,0.1,0.1,0,5,ライフ減少無効
897,ブースに吹き荒れる嵐,30,4,2,11312,11013,11762,1.1,1.1,0,7,great以下を出すまで
898,World is ours！,34,4,2,12515,11371,10503,0.6,0.6,0,7.5,
899,ラーメン行こうぜ！,33,3,2,9609,10789,9690,0.6,0.6,0,7,
900,慈愛のまなざし,32,3,0,11192,9100,9798,0.2,0.2,0,8,
901,鼓動、突き動かされて,31,2,1,5028,5105,5976,0.1,0.1,0,5,ライフ減少無効